Model,MAE,RMSE,MAPE
Linear Regression,5866.4935331095685,8499.127327174117,0.1411598597934005
Random Forest,5966.051913188406,12652.846093218579,0.12402046698059427
XGBoost,6194.026435903533,12781.936809679539,0.11780182997282847
